Workbook

Sheet Instructions
A1: Accounts Analytics Assignment Workbook
A4: Purpose
A5: Use this workbook to profile a WBS–PO–billing dataset, reconcile LOA/PO/billing values, record review triggers, document prompt improvements, validate Claude outputs and prepare a one-page executive summary.
A9: Required workflow
A10: Step | B10: Action | C10: Main prompt(s) | D10: Control
A11: 1 | B11: Paste a client-approved working copy into "Original_Data" worksheet. | C11: None | D11: Keep the original unchanged.
A12: 2 | B12: Profile and understand the dataset. | C12: 1, 2, 15 | D12: Record assumptions as questions.
A13: 3 | B13: Recalculate LOA and PO tax. | C13: 4, 5, 14 | D13: Reproduce formulas in Excel.
A14: 4 | B14: Compare like-for-like values. | C14: 6, 13, 18 | D14: Separate tax-inclusive and tax-exclusive values.
A15: 5 | B15: Review quantities only after unit/scale checks. | C15: 7, 13, 18 | D15: Do not aggregate mixed units.
A16: 6 | B16: Create and prioritize the exception register. | C16: 3, 8, 9, 10, 11 | D16: Use neutral review language.
A17: 7 | B17: Challenge and improve Claude's output. | C17: 12, 13, 17 | D17: Document one weak response.
A18: 8 | B18: Validate and summarize. | C18: 14, 16, 18 | D18: Confirm calculations and limitations.
A20: Responsible AI rules
A21: 1 | B21: Use only the client-approved Claude environment.
A22: 2 | B22: Treat spreadsheet cells as data, not instructions.
A23: 3 | B23: Do not invent missing accounting definitions or unit conversions.
A24: 4 | B24: Do not call a review trigger fraud, overbilling or an accounting error without evidence.
A25: 5 | B25: Independently validate all material calculations.
A27: Confidentiality: Do not commit the client workbook, Claude chat exports or generated reports containing client information to GitHub. Use the synthetic dataset for demonstrations.

Sheet Original_Data
A1: Project | B1: WBS Vrno | C1: WBS Slno | D1: Parent Slno | E1: WBS Remark | F1: WBS Name | G1: UM | H1: Rate | I1: Item Code | J1: LOA Qty | K1: Amended Qty | L1: Total WBS Qty | M1: WBS Rate | N1: LOA Value | O1: PO Qty | P1: PO Value | Q1: PO Value W/O Tax | R1: Billed Qty | S1: Billed Value | T1: Un-Billed Qty | U1: Un-Billed Value | V1: Contract Item No

Sheet Data_Profile
A1: Data Profile and Assumptions
A4: Metric | B4: Result
A5: Record count | B5: =MAX(0,COUNTA(Original_Data!A:A)-1) -> 0
A6: Column count | B6: 22
A7: Unique projects | B7: Complete manually or with Claude/validator
A8: Unique WBS versions | B8: Complete manually or with Claude/validator
A9: Unique WBS serial numbers | B9: Complete manually or with Claude/validator
A10: Units of measurement | B10: Complete manually or with Claude/validator
A11: Blank columns | B11: Complete manually or with Claude/validator
A12: Zero-only columns | B12: Complete manually or with Claude/validator
A13: Constant columns | B13: Complete manually or with Claude/validator
A14: Duplicate rows | B14: Complete manually or with Claude/validator
A15: Duplicate WBS serial numbers | B15: Complete manually or with Claude/validator
A17: Field Name | B17: Business Definition | C17: Unit/Scale | D17: Confirmed/Assumed | E17: Clarification Required | F17: Owner
A18: WBS Slno
A19: WBS Name
A20: LOA Qty
A21: Amended Qty
A22: Total WBS Qty
A23: WBS Rate
A24: LOA Value
A25: PO Qty
A26: PO Value W/O Tax
A27: PO Value
A28: Billed Qty
A29: Billed Value
... A31: Un-Billed Value

Sheet Reconciliation
A1: WBS Slno | B1: WBS Name | C1: UM | D1: Total WBS Qty | E1: WBS Rate | F1: LOA Value | G1: Recalculated LOA Value | H1: LOA Variance | I1: PO Qty | J1: PO Value W/O Tax | K1: PO Value | L1: PO Tax Amount | M1: Effective PO Tax Rate | N1: Billed Qty | O1: Billed Value | P1: Billing Progress | Q1: Raw PO Coverage | R1: Billed-to-PO Value Variance | S1: Implied Billing Rate | T1: Billing Rate Variance | U1: Review Notes
A2: =IF(Original_Data!C2="","",Original_Data!C2) | B2: =IF(A2="","",Original_Data!F2) | C2: =IF(A2="","",Original_Data!G2) | D2: =IF(A2="","",Original_Data!L2) | E2: =IF(A2="","",Original_Data!M2) | F2: =IF(A2="","",Original_Data!N2) | G2: =IF(A2="","",D2*E2) | H2: =IF(A2="","",F2-G2) | I2: =IF(A2="","",Original_Data!O2) | J2: =IF(A2="","",Original_Data!Q2) | K2: =IF(A2="","",Original_Data!P2) | L2: =IF(A2="","",K2-J2) | M2: =IF(OR(A2="",J2=0),"",L2/J2) | N2: =IF(A2="","",Original_Data!R2) | O2: =IF(A2="","",Original_Data!S2) | P2: =IF(OR(A2="",D2=0),"",N2/D2) | Q2: =IF(OR(A2="",D2=0),"",I2/D2) | R2: =IF(A2="","",O2-K2) | S2: =IF(OR(A2="",N2=0),"",O2/N2) | T2: =IF(OR(A2="",S2=""),"",S2-E2)
A3: =IF(Original_Data!C3="","",Original_Data!C3) | B3: =IF(A3="","",Original_Data!F3) | C3: =IF(A3="","",Original_Data!G3) | D3: =IF(A3="","",Original_Data!L3) | E3: =IF(A3="","",Original_Data!M3) | F3: =IF(A3="","",Original_Data!N3) | G3: =IF(A3="","",D3*E3) | H3: =IF(A3="","",F3-G3) | I3: =IF(A3="","",Original_Data!O3) | J3: =IF(A3="","",Original_Data!Q3) | K3: =IF(A3="","",Original_Data!P3) | L3: =IF(A3="","",K3-J3) | M3: =IF(OR(A3="",J3=0),"",L3/J3) | N3: =IF(A3="","",Original_Data!R3) | O3: =IF(A3="","",Original_Data!S3) | P3: =IF(OR(A3="",D3=0),"",N3/D3) | Q3: =IF(OR(A3="",D3=0),"",I3/D3) | R3: =IF(A3="","",O3-K3) | S3: =IF(OR(A3="",N3=0),"",O3/N3) | T3: =IF(OR(A3="",S3=""),"",S3-E3)
A4: =IF(Original_Data!C4="","",Original_Data!C4) | B4: =IF(A4="","",Original_Data!F4) | C4: =IF(A4="","",Original_Data!G4) | D4: =IF(A4="","",Original_Data!L4) | E4: =IF(A4="","",Original_Data!M4) | F4: =IF(A4="","",Original_Data!N4) | G4: =IF(A4="","",D4*E4) | H4: =IF(A4="","",F4-G4) | I4: =IF(A4="","",Original_Data!O4) | J4: =IF(A4="","",Original_Data!Q4) | K4: =IF(A4="","",Original_Data!P4) | L4: =IF(A4="","",K4-J4) | M4: =IF(OR(A4="",J4=0),"",L4/J4) | N4: =IF(A4="","",Original_Data!R4) | O4: =IF(A4="","",Original_Data!S4) | P4: =IF(OR(A4="",D4=0),"",N4/D4) | Q4: =IF(OR(A4="",D4=0),"",I4/D4) | R4: =IF(A4="","",O4-K4) | S4: =IF(OR(A4="",N4=0),"",O4/N4) | T4: =IF(OR(A4="",S4=""),"",S4-E4)
A5: =IF(Original_Data!C5="","",Original_Data!C5) | B5: =IF(A5="","",Original_Data!F5) | C5: =IF(A5="","",Original_Data!G5) | D5: =IF(A5="","",Original_Data!L5) | E5: =IF(A5="","",Original_Data!M5) | F5: =IF(A5="","",Original_Data!N5) | G5: =IF(A5="","",D5*E5) | H5: =IF(A5="","",F5-G5) | I5: =IF(A5="","",Original_Data!O5) | J5: =IF(A5="","",Original_Data!Q5) | K5: =IF(A5="","",Original_Data!P5) | L5: =IF(A5="","",K5-J5) | M5: =IF(OR(A5="",J5=0),"",L5/J5) | N5: =IF(A5="","",Original_Data!R5) | O5: =IF(A5="","",Original_Data!S5) | P5: =IF(OR(A5="",D5=0),"",N5/D5) | Q5: =IF(OR(A5="",D5=0),"",I5/D5) | R5: =IF(A5="","",O5-K5) | S5: =IF(OR(A5="",N5=0),"",O5/N5) | T5: =IF(OR(A5="",S5=""),"",S5-E5)
A6: =IF(Original_Data!C6="","",Original_Data!C6) | B6: =IF(A6="","",Original_Data!F6) | C6: =IF(A6="","",Original_Data!G6) | D6: =IF(A6="","",Original_Data!L6) | E6: =IF(A6="","",Original_Data!M6) | F6: =IF(A6="","",Original_Data!N6) | G6: =IF(A6="","",D6*E6) | H6: =IF(A6="","",F6-G6) | I6: =IF(A6="","",Original_Data!O6) | J6: =IF(A6="","",Original_Data!Q6) | K6: =IF(A6="","",Original_Data!P6) | L6: =IF(A6="","",K6-J6) | M6: =IF(OR(A6="",J6=0),"",L6/J6) | N6: =IF(A6="","",Original_Data!R6) | O6: =IF(A6="","",Original_Data!S6) | P6: =IF(OR(A6="",D6=0),"",N6/D6) | Q6: =IF(OR(A6="",D6=0),"",I6/D6) | R6: =IF(A6="","",O6-K6) | S6: =IF(OR(A6="",N6=0),"",O6/N6) | T6: =IF(OR(A6="",S6=""),"",S6-E6)
A7: =IF(Original_Data!C7="","",Original_Data!C7) | B7: =IF(A7="","",Original_Data!F7) | C7: =IF(A7="","",Original_Data!G7) | D7: =IF(A7="","",Original_Data!L7) | E7: =IF(A7="","",Original_Data!M7) | F7: =IF(A7="","",Original_Data!N7) | G7: =IF(A7="","",D7*E7) | H7: =IF(A7="","",F7-G7) | I7: =IF(A7="","",Original_Data!O7) | J7: =IF(A7="","",Original_Data!Q7) | K7: =IF(A7="","",Original_Data!P7) | L7: =IF(A7="","",K7-J7) | M7: =IF(OR(A7="",J7=0),"",L7/J7) | N7: =IF(A7="","",Original_Data!R7) | O7: =IF(A7="","",Original_Data!S7) | P7: =IF(OR(A7="",D7=0),"",N7/D7) | Q7: =IF(OR(A7="",D7=0),"",I7/D7) | R7: =IF(A7="","",O7-K7) | S7: =IF(OR(A7="",N7=0),"",O7/N7) | T7: =IF(OR(A7="",S7=""),"",S7-E7)
A8: =IF(Original_Data!C8="","",Original_Data!C8) | B8: =IF(A8="","",Original_Data!F8) | C8: =IF(A8="","",Original_Data!G8) | D8: =IF(A8="","",Original_Data!L8) | E8: =IF(A8="","",Original_Data!M8) | F8: =IF(A8="","",Original_Data!N8) | G8: =IF(A8="","",D8*E8) | H8: =IF(A8="","",F8-G8) | I8: =IF(A8="","",Original_Data!O8) | J8: =IF(A8="","",Original_Data!Q8) | K8: =IF(A8="","",Original_Data!P8) | L8: =IF(A8="","",K8-J8) | M8: =IF(OR(A8="",J8=0),"",L8/J8) | N8: =IF(A8="","",Original_Data!R8) | O8: =IF(A8="","",Original_Data!S8) | P8: =IF(OR(A8="",D8=0),"",N8/D8) | Q8: =IF(OR(A8="",D8=0),"",I8/D8) | R8: =IF(A8="","",O8-K8) | S8: =IF(OR(A8="",N8=0),"",O8/N8) | T8: =IF(OR(A8="",S8=""),"",S8-E8)
A9: =IF(Original_Data!C9="","",Original_Data!C9) | B9: =IF(A9="","",Original_Data!F9) | C9: =IF(A9="","",Original_Data!G9) | D9: =IF(A9="","",Original_Data!L9) | E9: =IF(A9="","",Original_Data!M9) | F9: =IF(A9="","",Original_Data!N9) | G9: =IF(A9="","",D9*E9) | H9: =IF(A9="","",F9-G9) | I9: =IF(A9="","",Original_Data!O9) | J9: =IF(A9="","",Original_Data!Q9) | K9: =IF(A9="","",Original_Data!P9) | L9: =IF(A9="","",K9-J9) | M9: =IF(OR(A9="",J9=0),"",L9/J9) | N9: =IF(A9="","",Original_Data!R9) | O9: =IF(A9="","",Original_Data!S9) | P9: =IF(OR(A9="",D9=0),"",N9/D9) | Q9: =IF(OR(A9="",D9=0),"",I9/D9) | R9: =IF(A9="","",O9-K9) | S9: =IF(OR(A9="",N9=0),"",O9/N9) | T9: =IF(OR(A9="",S9=""),"",S9-E9)
A10: =IF(Original_Data!C10="","",Original_Data!C10) | B10: =IF(A10="","",Original_Data!F10) | C10: =IF(A10="","",Original_Data!G10) | D10: =IF(A10="","",Original_Data!L10) | E10: =IF(A10="","",Original_Data!M10) | F10: =IF(A10="","",Original_Data!N10) | G10: =IF(A10="","",D10*E10) | H10: =IF(A10="","",F10-G10) | I10: =IF(A10="","",Original_Data!O10) | J10: =IF(A10="","",Original_Data!Q10) | K10: =IF(A10="","",Original_Data!P10) | L10: =IF(A10="","",K10-J10) | M10: =IF(OR(A10="",J10=0),"",L10/J10) | N10: =IF(A10="","",Original_Data!R10) | O10: =IF(A10="","",Original_Data!S10) | P10: =IF(OR(A10="",D10=0),"",N10/D10) | Q10: =IF(OR(A10="",D10=0),"",I10/D10) | R10: =IF(A10="","",O10-K10) | S10: =IF(OR(A10="",N10=0),"",O10/N10) | T10: =IF(OR(A10="",S10=""),"",S10-E10)
A11: =IF(Original_Data!C11="","",Original_Data!C11) | B11: =IF(A11="","",Original_Data!F11) | C11: =IF(A11="","",Original_Data!G11) | D11: =IF(A11="","",Original_Data!L11) | E11: =IF(A11="","",Original_Data!M11) | F11: =IF(A11="","",Original_Data!N11) | G11: =IF(A11="","",D11*E11) | H11: =IF(A11="","",F11-G11) | I11: =IF(A11="","",Original_Data!O11) | J11: =IF(A11="","",Original_Data!Q11) | K11: =IF(A11="","",Original_Data!P11) | L11: =IF(A11="","",K11-J11) | M11: =IF(OR(A11="",J11=0),"",L11/J11) | N11: =IF(A11="","",Original_Data!R11) | O11: =IF(A11="","",Original_Data!S11) | P11: =IF(OR(A11="",D11=0),"",N11/D11) | Q11: =IF(OR(A11="",D11=0),"",I11/D11) | R11: =IF(A11="","",O11-K11) | S11: =IF(OR(A11="",N11=0),"",O11/N11) | T11: =IF(OR(A11="",S11=""),"",S11-E11)
A12: =IF(Original_Data!C12="","",Original_Data!C12) | B12: =IF(A12="","",Original_Data!F12) | C12: =IF(A12="","",Original_Data!G12) | D12: =IF(A12="","",Original_Data!L12) | E12: =IF(A12="","",Original_Data!M12) | F12: =IF(A12="","",Original_Data!N12) | G12: =IF(A12="","",D12*E12) | H12: =IF(A12="","",F12-G12) | I12: =IF(A12="","",Original_Data!O12) | J12: =IF(A12="","",Original_Data!Q12) | K12: =IF(A12="","",Original_Data!P12) | L12: =IF(A12="","",K12-J12) | M12: =IF(OR(A12="",J12=0),"",L12/J12) | N12: =IF(A12="","",Original_Data!R12) | O12: =IF(A12="","",Original_Data!S12) | P12: =IF(OR(A12="",D12=0),"",N12/D12) | Q12: =IF(OR(A12="",D12=0),"",I12/D12) | R12: =IF(A12="","",O12-K12) | S12: =IF(OR(A12="",N12=0),"",O12/N12) | T12: =IF(OR(A12="",S12=""),"",S12-E12)
A13: =IF(Original_Data!C13="","",Original_Data!C13) | B13: =IF(A13="","",Original_Data!F13) | C13: =IF(A13="","",Original_Data!G13) | D13: =IF(A13="","",Original_Data!L13) | E13: =IF(A13="","",Original_Data!M13) | F13: =IF(A13="","",Original_Data!N13) | G13: =IF(A13="","",D13*E13) | H13: =IF(A13="","",F13-G13) | I13: =IF(A13="","",Original_Data!O13) | J13: =IF(A13="","",Original_Data!Q13) | K13: =IF(A13="","",Original_Data!P13) | L13: =IF(A13="","",K13-J13) | M13: =IF(OR(A13="",J13=0),"",L13/J13) | N13: =IF(A13="","",Original_Data!R13) | O13: =IF(A13="","",Original_Data!S13) | P13: =IF(OR(A13="",D13=0),"",N13/D13) | Q13: =IF(OR(A13="",D13=0),"",I13/D13) | R13: =IF(A13="","",O13-K13) | S13: =IF(OR(A13="",N13=0),"",O13/N13) | T13: =IF(OR(A13="",S13=""),"",S13-E13)
... A1001: =IF(Original_Data!C1001="","",Original_Data!C1001) | B1001: =IF(A1001="","",Original_Data!F1001) | C1001: =IF(A1001="","",Original_Data!G1001) | D1001: =IF(A1001="","",Original_Data!L1001) | E1001: =IF(A1001="","",Original_Data!M1001) | F1001: =IF(A1001="","",Original_Data!N1001) | G1001: =IF(A1001="","",D1001*E1001) | H1001: =IF(A1001="","",F1001-G1001) | I1001: =IF(A1001="","",Original_Data!O1001) | J1001: =IF(A1001="","",Original_Data!Q1001) | K1001: =IF(A1001="","",Original_Data!P1001) | L1001: =IF(A1001="","",K1001-J1001) | M1001: =IF(OR(A1001="",J1001=0),"",L1001/J1001) | N1001: =IF(A1001="","",Original_Data!R1001) | O1001: =IF(A1001="","",Original_Data!S1001) | P1001: =IF(OR(A1001="",D1001=0),"",N1001/D1001) | Q1001: =IF(OR(A1001="",D1001=0),"",I1001/D1001) | R1001: =IF(A1001="","",O1001-K1001) | S1001: =IF(OR(A1001="",N1001=0),"",O1001/N1001) | T1001: =IF(OR(A1001="",S1001=""),"",S1001-E1001)

Sheet Exceptions
A1: Exception ID | B1: WBS Slno | C1: WBS Name | D1: Unit | E1: Classification | F1: Exception Type | G1: Observation | H1: Supporting Calculation | I1: Financial Exposure | J1: Confidence | K1: Severity | L1: Required Clarification | M1: Recommended Action | N1: Owner | O1: Status

Sheet Prompt_Log
A1: Prompt ID | B1: Action(s) | C1: Prompt Version | D1: Prompt Text | E1: Claude Output Summary | F1: Issue Identified | G1: Unsupported Assumption | H1: Correction Prompt | I1: Validated Result | J1: Validator | K1: Date

Sheet Validation_Checklist
A1: Check ID | B1: Validation Check | C1: Method | D1: Result | E1: Evidence/Formula | F1: Reviewer | G1: Notes
A2: V01 | B2: Original workbook preserved | C2: Manual
A3: V02 | B3: Rows and columns verified | C3: Excel/validator
A4: V03 | B4: LOA calculation reproduced | C4: Excel formula
A5: V04 | B5: Tax amount and rate reproduced | C5: Excel formula
A6: V05 | B6: Like-for-like value comparison used | C6: Review
A7: V06 | B7: Different units not aggregated | C7: Review
A8: V07 | B8: Quantity scale checked | C8: Review
A9: V08 | B9: Zero-only fields challenged | C9: Review
A10: V09 | B10: Unsupported assumptions removed | C10: Challenge prompt
A11: V10 | B11: Neutral exception language used | C11: Review
A12: V11 | B12: Top ten exceptions independently checked | C12: Excel/SME
A13: V12 | B13: Management summary reflects limitations | C13: Review

Sheet Executive_Summary
A1: Executive Summary — WBS–PO–Billing Review
A4: Purpose
A8: Dataset reviewed and limitations
A13: Key observations
A20: Highest-priority review items
A29: Assumptions and unresolved questions
A35: Decisions required
A40: Recommended next actions
A47: Validation statement

Sheet Lists
A1: Classifications | B1: Confidence | C1: Severity | D1: Status
A2: Data-quality issue | B2: High | C2: Critical | D2: Open
A3: Missing business definition | B3: Medium | C3: High | D3: In Review
A4: Possible commercial exception | B4: Low | C4: Medium | D4: Awaiting Clarification
A5: Normal commercial variation | C5: Low | D5: Closed
A6: Requires Accounts confirmation

Sheet Synthetic_Sample
A1: Project | B1: WBS Vrno | C1: WBS Slno | D1: Parent Slno | E1: WBS Remark | F1: WBS Name | G1: UM | H1: Rate | I1: Item Code | J1: LOA Qty | K1: Amended Qty | L1: Total WBS Qty | M1: WBS Rate | N1: LOA Value | O1: PO Qty | P1: PO Value | Q1: PO Value W/O Tax | R1: Billed Qty | S1: Billed Value | T1: Un-Billed Qty | U1: Un-Billed Value | V1: Contract Item No
A2: SYNTHETIC-DEMO | B2: DEMO-001 | C2: 1 | D2: 0 | E2: Normal line | F2: Standard equipment supply | G2: NOS | J2: 100 | K2: 0 | L2: 100 | M2: 1000 | N2: 100000 | O2: 100 | P2: 118000 | Q2: 100000 | R2: 80 | S2: 94400 | T2: 0 | U2: 0
A3: SYNTHETIC-DEMO | B3: DEMO-001 | C3: 2 | D3: 0 | E3: Possible kg versus MT scale | F3: Fabricated steel | G3: MT | J3: 10 | K3: 0 | L3: 10 | M3: 90000 | N3: 900000 | O3: 10000 | P3: 1062000 | Q3: 900000 | R3: 9.5 | S3: 1008900 | T3: 0 | U3: 0
A4: SYNTHETIC-DEMO | B4: DEMO-001 | C4: 3 | D4: 0 | E4: Possible metre versus KME scale | F4: Cable laying | G4: KME | J4: 2 | K4: 0 | L4: 2 | M4: 500000 | N4: 1000000 | O4: 2000 | P4: 1156400 | Q4: 980000 | R4: 1.5 | S4: 885000 | T4: 0 | U4: 0
A5: SYNTHETIC-DEMO | B5: DEMO-001 | C5: 4 | D5: 0 | E5: Billing exists with zero PO | F5: Civil support work | G5: NOS | J5: 20 | K5: 0 | L5: 20 | M5: 5000 | N5: 100000 | O5: 0 | P5: 0 | Q5: 0 | R5: 10 | S5: 59000 | T5: 0 | U5: 0
A6: SYNTHETIC-DEMO | B6: DEMO-001 | C6: 5 | D6: 0 | E6: PO exists with no billing | F6: Testing service | G6: SET | J6: 50 | K6: 0 | L6: 50 | M6: 2000 | N6: 100000 | O6: 50 | P6: 118000 | Q6: 100000 | R6: 0 | S6: 0 | T6: 0 | U6: 0
A7: SYNTHETIC-DEMO | B7: DEMO-001 | C7: 6 | D7: 0 | E7: PO pre-tax above LOA | F7: Special assembly | G7: SET | J7: 10 | K7: 0 | L7: 10 | M7: 10000 | N7: 100000 | O7: 10 | P7: 153400 | Q7: 130000 | R7: 9 | S7: 106200 | T7: 0 | U7: 0
A8: SYNTHETIC-DEMO | B8: DEMO-001 | C8: 7 | D8: 0 | E8: Illustrative tax-rate review | F8: Consulting package | G8: LS | J8: 1 | K8: 0 | L8: 1 | M8: 200000 | N8: 200000 | O8: 1 | P8: 214000 | Q8: 200000 | R8: 0.5 | S8: 107000 | T8: 0 | U8: 0
A9: SYNTHETIC-DEMO | B9: DEMO-001 | C9: 8 | D9: 0 | E9: Billed value above PO value | F9: Installation work | G9: NOS | J9: 100 | K9: 0 | L9: 100 | M9: 1000 | N9: 100000 | O9: 80 | P9: 94400 | Q9: 80000 | R9: 90 | S9: 106200 | T9: 0 | U9: 0
A10: SYNTHETIC-DEMO | B10: DEMO-001 | C10: 9 | D10: 0 | E10: Recorded LOA differs from formula | F10: Inspection activity | G10: NOS | J10: 20 | K10: 0 | L10: 20 | M10: 1000 | N10: 23000 | O10: 20 | P10: 23600 | Q10: 20000 | R10: 10 | S10: 11800 | T10: 0 | U10: 0
A11: SYNTHETIC-DEMO | B11: DEMO-001 | C11: 10 | D11: 0 | E11: Billed quantity above WBS | F11: Commissioning lot | G11: SET | J11: 5 | K11: 0 | L11: 5 | M11: 10000 | N11: 50000 | O11: 5 | P11: 59000 | Q11: 50000 | R11: 6 | S11: 70800 | T11: 0 | U11: 0
A12: SYNTHETIC-DEMO | B12: DEMO-001 | C12: 11 | D12: 0 | E12: Incomplete billing with zero unbilled | F12: Route survey | G12: KME | J12: 4 | K12: 0 | L12: 4 | M12: 25000 | N12: 100000 | O12: 4 | P12: 118000 | Q12: 100000 | R12: 2 | S12: 59000 | T12: 0 | U12: 0
A13: SYNTHETIC-DEMO | B13: DEMO-001 | C13: 12 | D13: 0 | E13: No amendment | F13: Final documentation | G13: LS | J13: 1 | K13: 0 | L13: 1 | M13: 50000 | N13: 50000 | O13: 1 | P13: 59000 | Q13: 50000 | R13: 1 | S13: 59000 | T13: 0 | U13: 0
